,Weekly_Sales,Temperature,CPI,Size
count,143.0,143.0,143.0,143.0
mean,164633.74153846153,55.4513986013986,209.03813062867133,203742.0
std,19970.7549686685,16.54384620715248,4.176736164675212,0.0
min,114348.68,20.39,203.6101784,203742.0
25%,149999.21500000003,42.865,204.77419355,203742.0
50%,163022.59,58.65,208.556714,203742.0
75%,177920.09000000003,70.33000000000001,213.3728611,203742.0
max,220321.48,79.2,216.1515902,203742.0
