,Weekly_Sales,Temperature,CPI,Size
count,10214.0,10214.0,10214.0,10214.0
mean,29508.30159193264,55.35151556686899,209.04786308029173,203742.0
std,35661.53062041067,16.49421645888287,4.160232545790045,0.0
min,-798.0,20.39,203.6101784,203742.0
25%,5609.032499999999,42.78,204.7583566,203742.0
50%,16249.779999999999,58.65,208.556714,203742.0
75%,39377.692500000005,70.15,213.4725116,203742.0
max,422306.25,79.2,216.1515902,203742.0
